inn,skolkovo_id,name,year_founded,status,is_active,okved,fin_years,fin_years_count,revenue_latest,profit_latest,total_assets,equity,cash,egrul_name,egrul_ogrn,news_count,moex_ticker
6671285919,d642ee187a9c5c58a97d9340e64edded,"ОБЩЕСТВО С ОГРАНИЧЕННОЙ ОТВЕТСТВЕННОСТЬЮ ""ФИН ПРОМОУТ СИСТЕМС""",2023,Действует,True,Разработка компьютерного программного обеспечения,2023-2025,3,,-573000.0,6977000.0,6977000.0,4140000.0,"ОБЩЕСТВО С ОГРАНИЧЕННОЙ ОТВЕТСТВЕННОСТЬЮ ""ФИН ПРОМОУТ СИСТЕМС""",1236600060290,0,
7730327121,3a6197f9df49ef98d72ec7297d7e461d,"ОБЩЕСТВО С ОГРАНИЧЕННОЙ ОТВЕТСТВЕННОСТЬЮ ""ПРОХЕМПМИЛ""",2024,Действует,True,"Производство прочих пищевых продуктов, не включенных в други",2024-2024,1,,-33000.0,40000.0,-13000.0,40000.0,"ОБЩЕСТВО С ОГРАНИЧЕННОЙ ОТВЕТСТВЕННОСТЬЮ ""ПРОХЕМПМИЛ""",1247700571030,0,
3804117702,9dc5745e6dc4546f53144442db533593,ОБЩЕСТВО С ОГРАНИЧЕННОЙ ОТВЕТСТВЕННОСТЬЮ ДАТА ФАКТОРИ,2022,Действует,True,Разработка компьютерного программного обеспечения,2023-2024,2,1499000.0,1499000.0,4010000.0,10000.0,2812000.0,ОБЩЕСТВО С ОГРАНИЧЕННОЙ ОТВЕТСТВЕННОСТЬЮ ДАТА ФАКТОРИ,1223800021940,0,
1658250499,766c59d1f8e86479f11fa24b02adc6b0,"ОБЩЕСТВО С ОГРАНИЧЕННОЙ ОТВЕТСТВЕННОСТЬЮ ""АНСААТ""",2024,Действует,True,Научные исследования и разработки в области естественных и т,2024-2024,1,403000.0,-630000.0,593000.0,-665000.0,,"ОБЩЕСТВО С ОГРАНИЧЕННОЙ ОТВЕТСТВЕННОСТЬЮ ""АНСААТ""",1241600001422,0,
7203537749,88afc574e4612dbc9fcfa9f49a9b104d,"ОБЩЕСТВО С ОГРАНИЧЕННОЙ ОТВЕТСТВЕННОСТЬЮ ""НЕКСТПРО""",2022,Действует,True,Научные исследования и разработки в области биотехнологии,2023-2024,2,,-7000.0,2071000.0,2071000.0,,"ОБЩЕСТВО С ОГРАНИЧЕННОЙ ОТВЕТСТВЕННОСТЬЮ ""НЕКСТПРО""",1227200007891,0,
6685220809,8453cda7d8b48c56e0f5eb56287653e8,"ОБЩЕСТВО С ОГРАНИЧЕННОЙ ОТВЕТСТВЕННОСТЬЮ ""ГЕНЕЗИС НИОКР""",2024,Действует,True,Научные исследования и разработки в области естественных и т,2024-2024,1,,-4000.0,95000.0,95000.0,40000.0,"ОБЩЕСТВО С ОГРАНИЧЕННОЙ ОТВЕТСТВЕННОСТЬЮ ""ГЕНЕЗИС НИОКР""",1246600036715,0,
9722058334,332b31989f406cbb8aeb69cfaa89535a,"ОБЩЕСТВО С ОГРАНИЧЕННОЙ ОТВЕТСТВЕННОСТЬЮ ""ГАНС""",2023,Действует,True,Научные исследования и разработки в области естественных и т,2024-2024,1,33708000.0,531000.0,25865000.0,562000.0,514000.0,"ОБЩЕСТВО С ОГРАНИЧЕННОЙ ОТВЕТСТВЕННОСТЬЮ ""ГАНС""",1237700720212,0,
3702186104,b400bce7bb7f8a5e6431471ab1433bc3,"ОБЩЕСТВО С ОГРАНИЧЕННОЙ ОТВЕТСТВЕННОСТЬЮ ""УМНЫЕ МЕДИЦИНСКИЕ ТЕХНОЛОГИИ""",2017,Действует,True,Научные исследования и разработки в области естественных и т,2017-2024,8,2274000.0,2853000.0,5999000.0,3563000.0,21000.0,"ОБЩЕСТВО С ОГРАНИЧЕННОЙ ОТВЕТСТВЕННОСТЬЮ ""УМНЫЕ МЕДИЦИНСКИЕ ТЕХНОЛОГИИ""",1173702021415,0,
7722156602,e67056d9b384cb7b597563a08daca0f5,"ОБЩЕСТВО С ОГРАНИЧЕННОЙ ОТВЕТСТВЕННОСТЬЮ ""ЦЕНТР ""МЕТ""",1998,Действует,True,"Производство инструментов и приборов для измерения, тестиров",2016-2021,6,39510000.0,135000.0,33192000.0,20678000.0,5585000.0,"ОБЩЕСТВО С ОГРАНИЧЕННОЙ ОТВЕТСТВЕННОСТЬЮ ""ЦЕНТР ""МЕТ""",1037739582209,0,
6166085401,be84f743691f653fc6dc2de40958e471,"ОБЩЕСТВО С ОГРАНИЧЕННОЙ ОТВЕТСТВЕННОСТЬЮ ""ДАБЛ АП""",2012,Действует,True,Деятельность по созданию и использованию баз данных и информ,2015-2024,10,169263000.0,19044000.0,163324000.0,103953000.0,1534000.0,"ОБЩЕСТВО С ОГРАНИЧЕННОЙ ОТВЕТСТВЕННОСТЬЮ ""ДАБЛ АП""",1126193007984,0,
9728021098,82bce6a44b29c2cf35d3eb27bf9cc04b,"ОБЩЕСТВО С ОГРАНИЧЕННОЙ ОТВЕТСТВЕННОСТЬЮ ""ФИНТЕРРА""",2020,Действует,True,Научные исследования и разработки в области естественных и т,2021-2025,5,117929000.0,4606000.0,6536000.0,2979000.0,671000.0,"ОБЩЕСТВО С ОГРАНИЧЕННОЙ ОТВЕТСТВЕННОСТЬЮ ""ФИНТЕРРА""",1207700459658,0,
7726460297,dec6e2ed2d568b20a485156f5661697d,"ОБЩЕСТВО С ОГРАНИЧЕННОЙ ОТВЕТСТВЕННОСТЬЮ ""АГРОБИТ""",2019,Действует,True,Научные исследования и разработки в области естественных и т,2020-2025,6,22493000.0,10231000.0,120416000.0,1205000.0,,"ОБЩЕСТВО С ОГРАНИЧЕННОЙ ОТВЕТСТВЕННОСТЬЮ ""АГРОБИТ""",1197746711172,0,
7325139255,dbf0a02a978a28985efa1ad2c1cb9498,"ОБЩЕСТВО С ОГРАНИЧЕННОЙ ОТВЕТСТВЕННОСТЬЮ ""АЛИНГИ""",2015,Действует,True,Разработка компьютерного программного обеспечения,2015-2024,10,22295000.0,11101000.0,82958000.0,79813000.0,36594000.0,"ОБЩЕСТВО С ОГРАНИЧЕННОЙ ОТВЕТСТВЕННОСТЬЮ ""АЛИНГИ"" ",1157325005639,0,
4205334139,7682c9e1cf6706baa6b08f477d141040,"ОБЩЕСТВО С ОГРАНИЧЕННОЙ ОТВЕТСТВЕННОСТЬЮ ""СОВРЕМЕННЫЕ ТЕХНОЛОГИИ""",2016,Действует,True,Научные исследования и разработки в области естественных и т,2016-2025,10,16000.0,-61000.0,8051000.0,7698000.0,53000.0,"ОБЩЕСТВО С ОГРАНИЧЕННОЙ ОТВЕТСТВЕННОСТЬЮ ""СОВРЕМЕННЫЕ ТЕХНОЛОГИИ""",1164205076034,0,
1683026236,b52413ab15d89b1a68dc67c474945eb8,"ОБЩЕСТВО С ОГРАНИЧЕННОЙ ОТВЕТСТВЕННОСТЬЮ ""ТЕХНОЛОГИИ""",2025,Действует,True,Разработка компьютерного программного обеспечения,,0,,,,,,"ОБЩЕСТВО С ОГРАНИЧЕННОЙ ОТВЕТСТВЕННОСТЬЮ ""ТЕХНОЛОГИИ""",1251600010111,0,
7604323568,856ff504ae5613557dc5c34aa4cca5ab,"ОБЩЕСТВО С ОГРАНИЧЕННОЙ ОТВЕТСТВЕННОСТЬЮ ""ЗАВОД ПРОМЫШЛЕННОЙ ЭЛЕКТРОНИКИ И СПЕЦТЕХНИКИ ""АНГСТРЕМ""",2017,Действует,True,Производство прочего электрического оборудования,2017-2021,5,413005000.0,10968000.0,194177000.0,14391000.0,25297000.0,"ОБЩЕСТВО С ОГРАНИЧЕННОЙ ОТВЕТСТВЕННОСТЬЮ ""ЗАВОД ПРОМЫШЛЕННОЙ ЭЛЕКТРОНИКИ И СПЕЦТЕХНИКИ ""АНГСТРЕМ""",1177627011913,0,
9731062175,f435dd6808571b8caf52b4c9f8b22fcb,"ОБЩЕСТВО С ОГРАНИЧЕННОЙ ОТВЕТСТВЕННОСТЬЮ ""АПАРТЛЕНД ХОУМШЕРИНГ""",2020,Действует,True,"Деятельность, связанная с использованием вычислительной техн",2020-2024,5,77000.0,-450000.0,2841000.0,-1311000.0,1370000.0,"ОБЩЕСТВО С ОГРАНИЧЕННОЙ ОТВЕТСТВЕННОСТЬЮ ""АПАРТЛЕНД ХОУМШЕРИНГ""",1207700125104,0,
5050095889,c957cf151ca338967a733e48a2a7a796,"ОБЩЕСТВО С ОГРАНИЧЕННОЙ ОТВЕТСТВЕННОСТЬЮ ""ЗАВОД ПОЛИМЕРНОГО МАШИНОСТРОЕНИЯ ""АТЛАСМАШ""",2012,Действует,True,"Производство оборудования специального назначения, не включе",2015-2024,10,392378000.0,83618000.0,245454000.0,134375000.0,13563000.0,"ОБЩЕСТВО С ОГРАНИЧЕННОЙ ОТВЕТСТВЕННОСТЬЮ ""ЗАВОД ПОЛИМЕРНОГО МАШИНОСТРОЕНИЯ ""АТЛАСМАШ""",1125050001230,0,
7814774253,e3b05b1ff87d3150b2cc58ebb8e4d6c9,"ОБЩЕСТВО С ОГРАНИЧЕННОЙ ОТВЕТСТВЕННОСТЬЮ ""АТРЕЙД""",2020,Действует,True,Разработка компьютерного программного обеспечения,2020-2024,5,47374000.0,5863000.0,15175000.0,11797000.0,1902000.0,"ОБЩЕСТВО С ОГРАНИЧЕННОЙ ОТВЕТСТВЕННОСТЬЮ ""АТРЕЙД""",1207800040986,0,
9704225582,02ab2cf605a79a7e89a0fe15e0e14cc7,"ОБЩЕСТВО С ОГРАНИЧЕННОЙ ОТВЕТСТВЕННОСТЬЮ ""БЕСПИЛОТНЫЙ ПОГРУЗЧИК""",2023,Действует,True,Разработка компьютерного программного обеспечения,2024-2024,1,2070000.0,-12514000.0,18775000.0,-12512000.0,57000.0,"ОБЩЕСТВО С ОГРАНИЧЕННОЙ ОТВЕТСТВЕННОСТЬЮ ""БЕСПИЛОТНЫЙ ПОГРУЗЧИК""",1237700730750,0,
4246025570,e1fdb1678cb4e993a6a8b16aa2fb6d06,"ОБЩЕСТВО С ОГРАНИЧЕННОЙ ОТВЕТСТВЕННОСТЬЮ ""БИОИННОВАЦИОННЫЕ ТЕХНОЛОГИИ""",2024,Действует,True,Научные исследования и разработки в области биотехнологии,2024-2025,2,,,10000.0,10000.0,10000.0,"ОБЩЕСТВО С ОГРАНИЧЕННОЙ ОТВЕТСТВЕННОСТЬЮ ""БИОИННОВАЦИОННЫЕ ТЕХНОЛОГИИ""",1244200003816,0,
7726353947,4cd528c3a2aab2989d9c421863083546,"ОБЩЕСТВО С ОГРАНИЧЕННОЙ ОТВЕТСТВЕННОСТЬЮ ""БЛЭК РЭЙС""",2015,Действует,True,Производство электрических ламп и осветительного оборудовани,2015-2024,10,61706000.0,-1197000.0,39062000.0,-311000.0,6428000.0,"ОБЩЕСТВО С ОГРАНИЧЕННОЙ ОТВЕТСТВЕННОСТЬЮ ""БЛЭК РЭЙС""",1157746883546,0,
7733420312,6940b221a96f336bf2a7114f57293fbe,"ОБЩЕСТВО С ОГРАНИЧЕННОЙ ОТВЕТСТВЕННОСТЬЮ ""БОТГЕРЦ""",2023,Действует,True,"Производство инструментов и приборов для измерения, тестиров",2023-2024,2,249437000.0,465000.0,57978000.0,594000.0,655000.0,"ОБЩЕСТВО С ОГРАНИЧЕННОЙ ОТВЕТСТВЕННОСТЬЮ ""БОТГЕРЦ""",1237700571833,0,
7730292990,955786f984895b8782254269cad864ff,"ОБЩЕСТВО С ОГРАНИЧЕННОЙ ОТВЕТСТВЕННОСТЬЮ ""РУНАТЕХ""",2022,Действует,True,Разработка компьютерного программного обеспечения,2022-2025,4,3693000.0,10000.0,11000.0,11000.0,11000.0,"ОБЩЕСТВО С ОГРАНИЧЕННОЙ ОТВЕТСТВЕННОСТЬЮ ""РУНАТЕХ""",1227700804429,0,
1684012821,a02df7014bded91f97ce56b0233f3e25,"ОБЩЕСТВО С ОГРАНИЧЕННОЙ ОТВЕТСТВЕННОСТЬЮ ""ЦИФРОВЫЕ РЕШЕНИЯ ДЛЯ ДИАГНОСТИКИ ЗАБОЛЕВАНИЙ МОЗГА ""БРЕЙНФОН""",2023,Действует,True,Разработка компьютерного программного обеспечения,2023-2024,2,,-444000.0,761000.0,82000.0,79000.0,"ОБЩЕСТВО С ОГРАНИЧЕННОЙ ОТВЕТСТВЕННОСТЬЮ ""ЦИФРОВЫЕ РЕШЕНИЯ ДЛЯ ДИАГНОСТИКИ ЗАБОЛЕВАНИЙ МОЗГА ""БРЕЙНФОН""",1231600026503,0,
5473020186,ee05e709999cc5cbc071943eeb49877a,"ОБЩЕСТВО С ОГРАНИЧЕННОЙ ОТВЕТСТВЕННОСТЬЮ ""ТИМ-ВЕКТОР""",2025,Действует,True,Разработка компьютерного программного обеспечения,,0,,,,,,"ОБЩЕСТВО С ОГРАНИЧЕННОЙ ОТВЕТСТВЕННОСТЬЮ ""ТИМ-ВЕКТОР""",1255400010359,0,
5022079660,6211e43bff3a3dadfe0b293973a0eb23,"ОБЩЕСТВО С ОГРАНИЧЕННОЙ ОТВЕТСТВЕННОСТЬЮ ""КАРБОН ГЛАС""",2025,Действует,True,Научные исследования и разработки в области естественных и т,,0,,,,,,"ОБЩЕСТВО С ОГРАНИЧЕННОЙ ОТВЕТСТВЕННОСТЬЮ ""КАРБОН ГЛАС""",1255000010440,0,
6319194217,6412d6b90e606416542faeca46337427,"ОБЩЕСТВО С ОГРАНИЧЕННОЙ ОТВЕТСТВЕННОСТЬЮ ""НАУЧНО-ПРОИЗВОДСТВЕННОЕ ПРЕДПРИЯТИЕ ХЛОРТЕХ""",2015,Действует,True,Научные исследования и разработки в области естественных и т,2015-2024,10,34274000.0,46000.0,9312000.0,10000.0,170000.0,"ОБЩЕСТВО С ОГРАНИЧЕННОЙ ОТВЕТСТВЕННОСТЬЮ ""НАУЧНО-ПРОИЗВОДСТВЕННОЕ ПРЕДПРИЯТИЕ ХЛОРТЕХ""",1156313013548,0,
7813566035,6f2fce7c8a31b4e9e78b45bd3d7f4546,"ОБЩЕСТВО С ОГРАНИЧЕННОЙ ОТВЕТСТВЕННОСТЬЮ ""ДИЗРАПП""",2013,Действует,True,Разработка компьютерного программного обеспечения,2016-2024,9,57669000.0,19414000.0,79676000.0,76560000.0,2717000.0,"ОБЩЕСТВО С ОГРАНИЧЕННОЙ ОТВЕТСТВЕННОСТЬЮ ""ДИЗРАПП""",1137847247185,0,
7726677170,5af2a2824977a80afee8e107e662d494,"ОБЩЕСТВО С ОГРАНИЧЕННОЙ ОТВЕТСТВЕННОСТЬЮ ""КОМПО СОФТ""",2011,Действует,True,Разработка компьютерного программного обеспечения,2015-2024,10,113531000.0,1144000.0,65956000.0,48221000.0,1989000.0,"ОБЩЕСТВО С ОГРАНИЧЕННОЙ ОТВЕТСТВЕННОСТЬЮ ""КОМПО СОФТ""",1117746420263,0,
9710144042,708141a131d4120ea88bda884c69f9f0,"ОБЩЕСТВО С ОГРАНИЧЕННОЙ ОТВЕТСТВЕННОСТЬЮ ""МКЗ""",2025,Действует,True,"Производство пластмассовых изделий, используемых в строитель",,0,,,,,,"ОБЩЕСТВО С ОГРАНИЧЕННОЙ ОТВЕТСТВЕННОСТЬЮ ""МКЗ""",1257700091660,0,
7720927874,b7db08b75a7530ef9012e18ef2421330,"ОБЩЕСТВО С ОГРАНИЧЕННОЙ ОТВЕТСТВЕННОСТЬЮ ""ЛАБОРАТОРИЯ НАВИГАЦИИ""",2024,Действует,True,Научные исследования и разработки в области естественных и т,2024-2024,1,11200000.0,7537000.0,13280000.0,7549000.0,13280000.0,"ОБЩЕСТВО С ОГРАНИЧЕННОЙ ОТВЕТСТВЕННОСТЬЮ ""ЛАБОРАТОРИЯ НАВИГАЦИИ""",1247700300627,0,
5024233444,19bebe63d36418ba704cfd9c4e6e271c,"ОБЩЕСТВО С ОГРАНИЧЕННОЙ ОТВЕТСТВЕННОСТЬЮ ""ИНТЕХ""",2023,Действует,True,Разработка компьютерного программного обеспечения,2023-2024,2,3010000.0,1555000.0,2932000.0,1565000.0,2932000.0,"ОБЩЕСТВО С ОГРАНИЧЕННОЙ ОТВЕТСТВЕННОСТЬЮ ""ИНТЕХ""",1235000075001,0,
9710133837,9944c137479fc38eb230efd76df11c60,"ОБЩЕСТВО С ОГРАНИЧЕННОЙ ОТВЕТСТВЕННОСТЬЮ ""КРОПФЛИТ РОБОТИКС""",2024,Действует,True,Научные исследования и разработки в области естественных и т,2024-2024,1,,1475000.0,2848000.0,1575000.0,123000.0,"ОБЩЕСТВО С ОГРАНИЧЕННОЙ ОТВЕТСТВЕННОСТЬЮ ""КРОПФЛИТ РОБОТИКС""",1247700406612,0,
7801739808,c63e54a761d16a9c241d329453b4dae4,"ОБЩЕСТВО С ОГРАНИЧЕННОЙ ОТВЕТСТВЕННОСТЬЮ ""ПЕРЕГРИН""",2025,Действует,True,Научные исследования и разработки в области естественных и т,,0,,,,,,"ОБЩЕСТВО С ОГРАНИЧЕННОЙ ОТВЕТСТВЕННОСТЬЮ ""ПЕРЕГРИН""",1257800009312,0,
7743167267,ee6fe3136798502c84bf8b9065b753fa,"ОБЩЕСТВО С ОГРАНИЧЕННОЙ ОТВЕТСТВЕННОСТЬЮ ГК ""ДИАТ""",2016,Действует,True,"Производство строительных металлических конструкций, изделий",2016-2025,10,933775000.0,5785000.0,618994000.0,71765000.0,946000.0,"ОБЩЕСТВО С ОГРАНИЧЕННОЙ ОТВЕТСТВЕННОСТЬЮ ГК ""ДИАТ""",1167746741348,0,
9731065497,ab6cd42d3b12e749e1b4abb3e585a145,"ОБЩЕСТВО С ОГРАНИЧЕННОЙ ОТВЕТСТВЕННОСТЬЮ ""ДИДЖИТАЛ ВОРЛД""",2020,Действует,True,Разработка компьютерного программного обеспечения,2020-2024,5,23237000.0,-8093000.0,52509000.0,33449000.0,2524000.0,"ОБЩЕСТВО С ОГРАНИЧЕННОЙ ОТВЕТСТВЕННОСТЬЮ ""ДИДЖИТАЛ ВОРЛД""",1207700203017,0,
7811272960,32c9df95db616448f03946376152c83a,"ОБЩЕСТВО С ОГРАНИЧЕННОЙ ОТВЕТСТВЕННОСТЬЮ ""ЭБС ЛАНЬ""",2016,Действует,True,Деятельность по созданию и использованию баз данных и информ,2016-2024,9,214214000.0,-15426000.0,49974000.0,27795000.0,5304000.0,"ОБЩЕСТВО С ОГРАНИЧЕННОЙ ОТВЕТСТВЕННОСТЬЮ ""ЭБС ЛАНЬ""",1167847058664,0,
7735201429,afe7ef61e8f70b9e6d79602fb1cff8d0,"ОБЩЕСТВО С ОГРАНИЧЕННОЙ ОТВЕТСТВЕННОСТЬЮ ""ЭКОПРОМТАРА""",2023,Действует,True,Научные исследования и разработки в области естественных и т,2024-2025,2,,,9494000.0,56000.0,,"ОБЩЕСТВО С ОГРАНИЧЕННОЙ ОТВЕТСТВЕННОСТЬЮ ""ЭКОПРОМТАРА""",1237700779690,0,
7802591840,0eb344a6a672d73b859b02de50bef2f4,"ОБЩЕСТВО С ОГРАНИЧЕННОЙ ОТВЕТСТВЕННОСТЬЮ ""ЭНАМЕРУ""",2016,Действует,True,Научные исследования и разработки в области естественных и т,2016-2024,9,559300000.0,345929000.0,1396197000.0,973654000.0,17627000.0,"ОБЩЕСТВО С ОГРАНИЧЕННОЙ ОТВЕТСТВЕННОСТЬЮ ""ЭНАМЕРУ""",1167847343410,0,
4205414183,0a30a7d8703dbfb8f04eb23c143fb867,"ОБЩЕСТВО С ОГРАНИЧЕННОЙ ОТВЕТСТВЕННОСТЬЮ ""ГЕОТЕХМОНИТОРИНГ""",2023,Действует,True,"Создание геодезической, нивелирной, гравиметрической сетей",2023-2024,2,2000000.0,82000.0,141000.0,141000.0,4000.0,"ОБЩЕСТВО С ОГРАНИЧЕННОЙ ОТВЕТСТВЕННОСТЬЮ ""ГЕОТЕХМОНИТОРИНГ""",1234200006248,0,
3664086233,9219e3edcc609d5e8cf2cb50765eecf9,"ОБЩЕСТВО С ОГРАНИЧЕННОЙ ОТВЕТСТВЕННОСТЬЮ ""ЕВРОНЕ ДЕВЕЛОПМЕНТ""",2007,Действует,True,"Деятельность, связанная с использованием вычислительной техн",2016-2025,10,550863000.0,82073000.0,171766000.0,158244000.0,4109000.0,"ОБЩЕСТВО С ОГРАНИЧЕННОЙ ОТВЕТСТВЕННОСТЬЮ ""ЕВРОНЕ ДЕВЕЛОПМЕНТ""",1073668003089,0,
9731144188,30e7227d3333bd2346493e3112bd24b5,"АКЦИОНЕРНОЕ ОБЩЕСТВО ""ЦИФРОВЫЕ СЕРВИСЫ""",2024,Действует,True,Научные исследования и разработки в области естественных и т,2025-2025,1,2253000.0,-2683000.0,24521000.0,-2083000.0,2212000.0,"АКЦИОНЕРНОЕ ОБЩЕСТВО ""ЦИФРОВЫЕ СЕРВИСЫ""",1247700743421,0,
5473012717,2e69ee89c0b0f5cc70f90e2ec3c13409,"ОБЩЕСТВО С ОГРАНИЧЕННОЙ ОТВЕТСТВЕННОСТЬЮ ""ПРОИЗВОДСТВЕННО-ФУТЕРОВОЧНАЯ КОМПАНИЯ ИНЖИНИРИНГ""",2023,Действует,True,Научные исследования и разработки в области естественных и т,2024-2024,1,,-35000.0,4766000.0,-25000.0,339000.0,"ОБЩЕСТВО С ОГРАНИЧЕННОЙ ОТВЕТСТВЕННОСТЬЮ ""ПРОИЗВОДСТВЕННО-ФУТЕРОВОЧНАЯ КОМПАНИЯ ИНЖИНИРИНГ""",1235400045650,0,
4205418357,b86520405a37c02406ffc7330528ea42,"ОБЩЕСТВО С ОГРАНИЧЕННОЙ ОТВЕТСТВЕННОСТЬЮ ""ГЕРЦ""",2023,Действует,True,Научные исследования и разработки в области естественных и т,2023-2024,2,28000.0,-147000.0,56000.0,-137000.0,,"ОБЩЕСТВО С ОГРАНИЧЕННОЙ ОТВЕТСТВЕННОСТЬЮ ""ГЕРЦ""",1234200015389,0,
5044137957,747481613cd0e47e16c8fc3cd3c4e8f3,"ОБЩЕСТВО С ОГРАНИЧЕННОЙ ОТВЕТСТВЕННОСТЬЮ ""ГЕТАЛОН ЛАБС""",2023,"Регистрирующим органом принято решение о предстоящем исключении юридического лица из ЕГРЮЛ (наличие в ЕГРЮЛ сведений о юридическом лице, в отношении которых внесена запись о недостоверности)",False,Научные исследования и разработки в области естественных и т,2023-2025,3,,,45603000.0,-62575000.0,,"ОБЩЕСТВО С ОГРАНИЧЕННОЙ ОТВЕТСТВЕННОСТЬЮ ""ГЕТАЛОН ЛАБС""",1235000001730,0,
7727418820,1996e25c061d30483423308341f0451b,"ОБЩЕСТВО С ОГРАНИЧЕННОЙ ОТВЕТСТВЕННОСТЬЮ ""ГЛОССХИМ""",2019,Действует,True,Научные исследования и разработки в области естественных и т,2019-2024,6,114851000.0,4684000.0,46725000.0,19557000.0,2592000.0,"ОБЩЕСТВО С ОГРАНИЧЕННОЙ ОТВЕТСТВЕННОСТЬЮ ""ГЛОССХИМ""",1197746311476,0,
2700035806,1de024545cae5427444f450e910b9cbe,"ОБЩЕСТВО С ОГРАНИЧЕННОЙ ОТВЕТСТВЕННОСТЬЮ ""АКУСТИЧЕСКИЕ ТЕХНОЛОГИИ""",2024,Действует,True,Научные исследования и разработки в области естественных и т,2024-2024,1,2716000.0,935000.0,1099000.0,936000.0,905000.0,"ОБЩЕСТВО С ОГРАНИЧЕННОЙ ОТВЕТСТВЕННОСТЬЮ ""АКУСТИЧЕСКИЕ ТЕХНОЛОГИИ""",1242700012521,0,
7706640206,babb06ae373efde40360fe7650dc0b69,"АКЦИОНЕРНОЕ ОБЩЕСТВО ""АВТОАССИСТАНС""",2006,Действует,True,Научные исследования и разработки в области естественных и т,2015-2024,10,1357231000.0,79572000.0,558773000.0,89491000.0,13162000.0,"АКЦИОНЕРНОЕ ОБЩЕСТВО ""АВТОАССИСТАНС""",1067759973522,0,RU000A109UE5
7734359364,a51a762fc0b369df1f18b47203474898,"ОБЩЕСТВО С ОГРАНИЧЕННОЙ ОТВЕТСТВЕННОСТЬЮ ""101ЭКСПИ ЛАБС""",2015,Действует,True,Научные исследования и разработки в области естественных и т,2017-2024,8,415145000.0,75879000.0,299363000.0,102938000.0,20493000.0,"ОБЩЕСТВО С ОГРАНИЧЕННОЙ ОТВЕТСТВЕННОСТЬЮ ""101ЭКСПИ ЛАБС""",1157746703058,0,
5903155910,a0dee292ed1b0e864f412e886bae2567,"ОБЩЕСТВО С ОГРАНИЧЕННОЙ ОТВЕТСТВЕННОСТЬЮ ""БАЗАЛЬТБАЗА""",2023,Действует,True,Научные исследования и разработки в области естественных и т,2023-2025,3,3599000.0,-33956000.0,41700000.0,-56153000.0,1550000.0,"ОБЩЕСТВО С ОГРАНИЧЕННОЙ ОТВЕТСТВЕННОСТЬЮ ""БАЗАЛЬТБАЗА""",1235900004230,0,
7704719651,eaef28d25ee01d6d4e2fcea3fb2d1047,"ОБЩЕСТВО С ОГРАНИЧЕННОЙ ОТВЕТСТВЕННОСТЬЮ ""1ФОРМА""",2009,Действует,True,Научные исследования и разработки в области естественных и т,2015-2024,10,320417000.0,60725000.0,136715000.0,71927000.0,1339000.0,"ОБЩЕСТВО С ОГРАНИЧЕННОЙ ОТВЕТСТВЕННОСТЬЮ ""1ФОРМА""",1097746017357,0,
9726023075,0dea8f407d8f77cc377f13d47c1d09ac,"ОБЩЕСТВО С ОГРАНИЧЕННОЙ ОТВЕТСТВЕННОСТЬЮ ""1 РЕГИОНАЛЬНЫЙ ПРИКЛАДНОЙ УНИВЕРСИТЕТ""",2022,Действует,True,Научные исследования и разработки в области общественных и г,2022-2024,3,,-1023000.0,17714000.0,3183000.0,1000.0,"ОБЩЕСТВО С ОГРАНИЧЕННОЙ ОТВЕТСТВЕННОСТЬЮ ""1 РЕГИОНАЛЬНЫЙ ПРИКЛАДНОЙ УНИВЕРСИТЕТ""",1227700621103,0,
7701362121,5331b4db0a322ba9c8e04efb5c591357,"ОБЩЕСТВО С ОГРАНИЧЕННОЙ ОТВЕТСТВЕННОСТЬЮ ""24 ЧАСА ТВ""",2013,Действует,True,Разработка компьютерного программного обеспечения,2015-2024,10,481759000.0,78350000.0,91590000.0,38498000.0,3261000.0,"ОБЩЕСТВО С ОГРАНИЧЕННОЙ ОТВЕТСТВЕННОСТЬЮ ""24 ЧАСА ТВ""",1137746516148,0,
7726472126,9726bef0ab5bbabaad529fbc6c919121,"ОБЩЕСТВО С ОГРАНИЧЕННОЙ ОТВЕТСТВЕННОСТЬЮ ""АА ПЛЮС ТЕХНОЛОГИИ""",2020,Действует,True,Научные исследования и разработки в области биотехнологии,2021-2024,4,,-39000.0,10250000.0,-120000.0,7000.0,"ОБЩЕСТВО С ОГРАНИЧЕННОЙ ОТВЕТСТВЕННОСТЬЮ ""АА ПЛЮС ТЕХНОЛОГИИ""",1207700502789,0,
9731112940,c92e4b022faa6ae0a8e97e54d20af3dd,"ОБЩЕСТВО С ОГРАНИЧЕННОЙ ОТВЕТСТВЕННОСТЬЮ ""3Д АРТ""",2023,Действует,True,Научные исследования и разработки в области естественных и т,2023-2025,3,19175000.0,-21450000.0,50500000.0,46607000.0,7846000.0,"ОБЩЕСТВО С ОГРАНИЧЕННОЙ ОТВЕТСТВЕННОСТЬЮ ""3Д АРТ""",1237700242670,0,
9721224677,ef3c63b28bcbb9ad4ede737bf0fcef3f,"ОБЩЕСТВО С ОГРАНИЧЕННОЙ ОТВЕТСТВЕННОСТЬЮ ""ТРИДЭФ""",2024,Действует,True,Научные исследования и разработки в области естественных и т,2024-2025,2,25524000.0,-1658000.0,23873000.0,2310000.0,10840000.0,"ОБЩЕСТВО С ОГРАНИЧЕННОЙ ОТВЕТСТВЕННОСТЬЮ ""ТРИДЭФ""",1247700010744,0,
9731043084,3ea3cb2059079006ce119f327fa77e54,"ОБЩЕСТВО С ОГРАНИЧЕННОЙ ОТВЕТСТВЕННОСТЬЮ ""3Д НАВИГАЦИЯ""",2019,Действует,True,Научные исследования и разработки в области естественных и т,2019-2024,6,1575000.0,-250000.0,4461000.0,-3421000.0,191000.0,"ОБЩЕСТВО С ОГРАНИЧЕННОЙ ОТВЕТСТВЕННОСТЬЮ ""3Д НАВИГАЦИЯ""",1197746350493,0,
7017343993,cb4a1f3c2b4f6dd2adbd735ea678bd29,"ОБЩЕСТВО С ОГРАНИЧЕННОЙ ОТВЕТСТВЕННОСТЬЮ ""РАДИОВИДЕНИЕ""",2013,Действует,True,Научные исследования и разработки в области естественных и т,2015-2024,10,22489000.0,2328000.0,11976000.0,3002000.0,2636000.0,"ОБЩЕСТВО С ОГРАНИЧЕННОЙ ОТВЕТСТВЕННОСТЬЮ ""РАДИОВИДЕНИЕ""",1137017026365,0,
7709951104,9d074349047703c18b402524eec57165,"ОБЩЕСТВО С ОГРАНИЧЕННОЙ ОТВЕТСТВЕННОСТЬЮ ""ДОММАР""",2014,Действует,True,Производство медицинских инструментов и оборудования,2015-2024,10,644151000.0,-24026000.0,74168000.0,21100000.0,16191000.0,"ОБЩЕСТВО С ОГРАНИЧЕННОЙ ОТВЕТСТВЕННОСТЬЮ ""ДОММАР""",1147746363368,0,
7017398640,5aa6edfcfc85659e25157ad89f98de56,"ОБЩЕСТВО С ОГРАНИЧЕННОЙ ОТВЕТСТВЕННОСТЬЮ ""50ОМ ТЕХНОЛОДЖИЗ""",2016,Действует,True,Разработка компьютерного программного обеспечения,2016-2024,9,39490000.0,45177000.0,85786000.0,46875000.0,50286000.0,"ОБЩЕСТВО С ОГРАНИЧЕННОЙ ОТВЕТСТВЕННОСТЬЮ ""50ОМ ТЕХНОЛОДЖИЗ""",1167031056301,0,
9714030984,d8f4ca0ff2428083dc14c42dc19ed958,"ОБЩЕСТВО С ОГРАНИЧЕННОЙ ОТВЕТСТВЕННОСТЬЮ ""5 МАРКС""",2023,Действует,True,"Деятельность, связанная с использованием вычислительной техн",2024-2024,1,9811000.0,-19016000.0,14698000.0,-19006000.0,5760000.0,"ОБЩЕСТВО С ОГРАНИЧЕННОЙ ОТВЕТСТВЕННОСТЬЮ ""5 МАРКС""",1237700937616,0,
9731108550,4f3511b508ce4199156d85c2e39f9219,"ОБЩЕСТВО С ОГРАНИЧЕННОЙ ОТВЕТСТВЕННОСТЬЮ ""ТАТУРЕЛИДЖН""",2023,Действует,True,Производство красителей и пигментов,2023-2025,3,,,10000.0,10000.0,,"ОБЩЕСТВО С ОГРАНИЧЕННОЙ ОТВЕТСТВЕННОСТЬЮ ""ТАТУРЕЛИДЖН""",1237700042546,0,
6670503917,7fc2756ff5dd5e244c669b1051feb669,"ОБЩЕСТВО С ОГРАНИЧЕННОЙ ОТВЕТСТВЕННОСТЬЮ ""7 ПРУДОВ ИНВЕСТИЦИИ""",2021,Действует,True,"Деятельность по обработке данных, предоставление услуг по ра",2021-2024,4,13270000.0,-1401000.0,6882000.0,5489000.0,1862000.0,"ОБЩЕСТВО С ОГРАНИЧЕННОЙ ОТВЕТСТВЕННОСТЬЮ ""7 ПРУДОВ ИНВЕСТИЦИИ""",1216600053878,0,
9731120518,10578efad8ca16a92033dfd7c145d1f1,"ОБЩЕСТВО С ОГРАНИЧЕННОЙ ОТВЕТСТВЕННОСТЬЮ ""АС ДИАГНОСТ""",2023,Действует,True,Научные исследования и разработки в области естественных и т,2023-2024,2,,-7000000.0,13000000.0,13000000.0,13000000.0,"ОБЩЕСТВО С ОГРАНИЧЕННОЙ ОТВЕТСТВЕННОСТЬЮ ""АС ДИАГНОСТ""",1237700602897,0,
2311301082,576e1fd992332dafa8751e00752122ef,"ОБЩЕСТВО С ОГРАНИЧЕННОЙ ОТВЕТСТВЕННОСТЬЮ ""АЛЬФА-КОМПРЕССОР""",2020,Действует,True,Производство промышленного холодильного и вентиляционного об,2020-2024,5,,,1766000.0,-52000.0,,"ОБЩЕСТВО С ОГРАНИЧЕННОЙ ОТВЕТСТВЕННОСТЬЮ ""АЛЬФА-КОМПРЕССОР""",1202300003993,0,
7802879558,b0ad5c43bcde7e61d31fb96f6b7d0acf,"ОБЩЕСТВО С ОГРАНИЧЕННОЙ ОТВЕТСТВЕННОСТЬЮ ""АКРИБИЯ. ИССЛЕДОВАНИЯ И РАЗРАБОТКИ""",2014,Действует,True,Научные исследования и разработки в области естественных и т,2015-2024,10,27086000.0,4775000.0,14831000.0,9916000.0,31000.0,"ОБЩЕСТВО С ОГРАНИЧЕННОЙ ОТВЕТСТВЕННОСТЬЮ ""АКРИБИЯ. ИССЛЕДОВАНИЯ И РАЗРАБОТКИ""",1147847425582,0,
7751195243,3c28f93a44e78dac056a85e5d99bb79c,"ОБЩЕСТВО С ОГРАНИЧЕННОЙ ОТВЕТСТВЕННОСТЬЮ ""АКРОЛАБ ТЕХНОЛОДЖИ""",2021,Действует,True,Производство пластмасс и синтетических смол в первичных форм,2021-2024,4,58700000.0,7279000.0,112872000.0,54919000.0,356000.0,"ОБЩЕСТВО С ОГРАНИЧЕННОЙ ОТВЕТСТВЕННОСТЬЮ ""АКРОЛАБ ТЕХНОЛОДЖИ""",1217700147411,0,
3666243379,39f6e5c7b50653933da9190cf2621b7e,"ОБЩЕСТВО С ОГРАНИЧЕННОЙ ОТВЕТСТВЕННОСТЬЮ ""АЗБУКА СТРОИТЕЛЬСТВА""",2020,Действует,True,Деятельность web-порталов,2020-2024,5,78000.0,-1585000.0,9520000.0,2499000.0,4000.0,"ОБЩЕСТВО С ОГРАНИЧЕННОЙ ОТВЕТСТВЕННОСТЬЮ ""АЗБУКА СТРОИТЕЛЬСТВА""",1203600000845,0,
9731033618,d5a7ba8118e7ea7f70dff060780781e2,"ОБЩЕСТВО С ОГРАНИЧЕННОЙ ОТВЕТСТВЕННОСТЬЮ ""ЦЕНТРОБЕЖНЫЕ МАШИНЫ""",2019,Действует,True,Научные исследования и разработки в области естественных и т,2019-2024,6,54399000.0,102000.0,52867000.0,-18153000.0,15000.0,"ОБЩЕСТВО С ОГРАНИЧЕННОЙ ОТВЕТСТВЕННОСТЬЮ ""ЦЕНТРОБЕЖНЫЕ МАШИНЫ""",1197746191928,0,
6623114110,53878a9ad55013d66211295a0b494805,"ОБЩЕСТВО С ОГРАНИЧЕННОЙ ОТВЕТСТВЕННОСТЬЮ ""АКРИД""",2015,Действует,True,Производство клеев,2015-2024,10,306518000.0,97436000.0,220927000.0,184748000.0,11616000.0,"ОБЩЕСТВО С ОГРАНИЧЕННОЙ ОТВЕТСТВЕННОСТЬЮ ""АКРИД""",1156658106472,0,
6685043331,39137a614f80960a36c2c414f84cbc98,"ОБЩЕСТВО С ОГРАНИЧЕННОЙ ОТВЕТСТВЕННОСТЬЮ ""АДИАБАТИКА""",2013,Действует,True,Производство оборудования для кондиционирования воздуха,2015-2025,11,34447000.0,5205000.0,64739000.0,22671000.0,4234000.0,"ОБЩЕСТВО С ОГРАНИЧЕННОЙ ОТВЕТСТВЕННОСТЬЮ ""АДИАБАТИКА""",1136685024420,0,
7610136414,33d3780cde981daca6b82df41ea43411,"ОБЩЕСТВО С ОГРАНИЧЕННОЙ ОТВЕТСТВЕННОСТЬЮ ""АДМ СИСТЕМ""",2022,Действует,True,Производство металлообрабатывающего оборудования,2022-2024,3,74152000.0,8260000.0,60178000.0,12678000.0,1314000.0,"ОБЩЕСТВО С ОГРАНИЧЕННОЙ ОТВЕТСТВЕННОСТЬЮ ""АДМ СИСТЕМ""",1227600007139,0,
7100018815,e913b692459690b9b58c3d2fadf3e915,"ОБЩЕСТВО С ОГРАНИЧЕННОЙ ОТВЕТСТВЕННОСТЬЮ ""ЭДКОНТРОЛ""",2022,Действует,True,Разработка компьютерного программного обеспечения,2022-2024,3,44136000.0,10933000.0,40892000.0,31266000.0,325000.0,"ОБЩЕСТВО С ОГРАНИЧЕННОЙ ОТВЕТСТВЕННОСТЬЮ ""ЭДКОНТРОЛ""",1227100003602,0,
9721044410,69003d5478343cec1256d1e523289707,"ОБЩЕСТВО С ОГРАНИЧЕННОЙ ОТВЕТСТВЕННОСТЬЮ ""АКУСТИЧЕСКАЯ ЗАМОРОЗКА""",2017,Действует,True,Научные исследования и разработки в области естественных и т,2017-2024,8,27777000.0,13866000.0,61721000.0,23526000.0,53000.0,"ОБЩЕСТВО С ОГРАНИЧЕННОЙ ОТВЕТСТВЕННОСТЬЮ ""АКУСТИЧЕСКАЯ ЗАМОРОЗКА""",1177746275596,0,
7720328510,617ff1fb734acce55c8e3ca78e8c8333,"ОБЩЕСТВО С ОГРАНИЧЕННОЙ ОТВЕТСТВЕННОСТЬЮ ""АГЕНТУМ""",2016,Действует,True,Разработка компьютерного программного обеспечения,2016-2024,9,59336000.0,5914000.0,105947000.0,4500000.0,5160000.0,"ОБЩЕСТВО С ОГРАНИЧЕННОЙ ОТВЕТСТВЕННОСТЬЮ ""АГЕНТУМ""",1167746062538,0,
6372025912,3144a928cc105fab53adb00ca16f125c,"ОБЩЕСТВО С ОГРАНИЧЕННОЙ ОТВЕТСТВЕННОСТЬЮ ""АГРОЭКОМИССИЯ""",2019,Действует,True,Научные исследования и разработки в области естественных и т,2020-2025,6,,,108000.0,108000.0,40000.0,"ОБЩЕСТВО С ОГРАНИЧЕННОЙ ОТВЕТСТВЕННОСТЬЮ ""АГРОЭКОМИССИЯ""",1196313098101,0,
9709009257,315ced6b97e150c9ef46f20754fba192,"ОБЩЕСТВО С ОГРАНИЧЕННОЙ ОТВЕТСТВЕННОСТЬЮ ""ДРОН-СЕРВИС""",2017,Действует,True,Научные исследования и разработки в области естественных и т,2017-2024,8,225870000.0,-89842000.0,373878000.0,-80469000.0,546000.0,"ОБЩЕСТВО С ОГРАНИЧЕННОЙ ОТВЕТСТВЕННОСТЬЮ ""ДРОН-СЕРВИС""",1177746903531,0,
9731088529,ffe34869e5e9a1609ea89156825c3398,"АКЦИОНЕРНОЕ ОБЩЕСТВО ""СМАРТРЕЙС""",2022,Действует,True,Разработка компьютерного программного обеспечения,2022-2025,4,250000.0,1610000.0,35383000.0,2474000.0,,"АКЦИОНЕРНОЕ ОБЩЕСТВО ""СМАРТРЕЙС""",1227700062006,0,
7731307713,eb83b8f3addc6ed21e73db2d92b44188,"ОБЩЕСТВО С ОГРАНИЧЕННОЙ ОТВЕТСТВЕННОСТЬЮ ""АГРОНОУТ""",2016,Действует,True,Научные исследования и разработки в области естественных и т,2016-2024,9,116581000.0,27790000.0,139611000.0,95911000.0,29190000.0,"ОБЩЕСТВО С ОГРАНИЧЕННОЙ ОТВЕТСТВЕННОСТЬЮ ""АГРОНОУТ""",1167746153288,0,
9731077012,acfac484b348d11809d48f5c5cf1bb49,"АКЦИОНЕРНОЕ ОБЩЕСТВО ""АГРОТАРГЕТ""",2021,Действует,True,Разработка компьютерного программного обеспечения,2021-2025,5,500000.0,186000.0,17737000.0,3028000.0,,"АКЦИОНЕРНОЕ ОБЩЕСТВО ""АГРОТАРГЕТ""",1217700120967,0,
7813669979,36ca7106c0bd438e3dd6cd1ec6abeb3f,"ОБЩЕСТВО С ОГРАНИЧЕННОЙ ОТВЕТСТВЕННОСТЬЮ ""РИВЦ-ПУЛКОВО ТЕХНОЛОГИИ ИСКУССТВЕННОГО ИНТЕЛЛЕКТА""",2023,Действует,True,Разработка компьютерного программного обеспечения,2023-2024,2,700000.0,45000.0,177000.0,167000.0,50000.0,"ОБЩЕСТВО С ОГРАНИЧЕННОЙ ОТВЕТСТВЕННОСТЬЮ ""РИВЦ-ПУЛКОВО ТЕХНОЛОГИИ ИСКУССТВЕННОГО ИНТЕЛЛЕКТА""",1237800008665,0,
7838104770,22dbac3c02b396948d6a42660a337c50,"ОБЩЕСТВО С ОГРАНИЧЕННОЙ ОТВЕТСТВЕННОСТЬЮ ""АЙФОРДЖИ""",2022,Действует,True,Разработка компьютерного программного обеспечения,2022-2024,3,,-136000.0,181000.0,-2287000.0,4000.0,"ОБЩЕСТВО С ОГРАНИЧЕННОЙ ОТВЕТСТВЕННОСТЬЮ ""АЙФОРДЖИ""",1227800060872,0,
7736610311,063cfe4fb90a7d8362fef310b37e429e,"ОБЩЕСТВО С ОГРАНИЧЕННОЙ ОТВЕТСТВЕННОСТЬЮ ""АИС МЕДИА""",,,False,,,0,,,,,,"ОБЩЕСТВО С ОГРАНИЧЕННОЙ ОТВЕТСТВЕННОСТЬЮ ""АИС МЕДИА""",1097746709213,0,
5044094894,ff2c2c73558e9803a564f6417d31216a,"ОБЩЕСТВО С ОГРАНИЧЕННОЙ ОТВЕТСТВЕННОСТЬЮ ""РЕАФИТ""",,,False,,,0,,,,,,"ОБЩЕСТВО С ОГРАНИЧЕННОЙ ОТВЕТСТВЕННОСТЬЮ ""РЕАФИТ""",1155044001903,0,
9701137313,c511741bb25b6b9b44efef12ecee64f9,"ОБЩЕСТВО С ОГРАНИЧЕННОЙ ОТВЕТСТВЕННОСТЬЮ ""АЙГЕН ТЕХНОЛОДЖИ""",,,False,,,0,,,,,,"ОБЩЕСТВО С ОГРАНИЧЕННОЙ ОТВЕТСТВЕННОСТЬЮ ""АЙГЕН ТЕХНОЛОДЖИ""",1197746384505,0,
7814465872,9c53d79edb9d443eb3536c6bff52e5d8,"ОБЩЕСТВО С ОГРАНИЧЕННОЙ ОТВЕТСТВЕННОСТЬЮ ""АДЕПТ""",,,False,,,0,,,,,,"ОБЩЕСТВО С ОГРАНИЧЕННОЙ ОТВЕТСТВЕННОСТЬЮ ""АДЕПТ""",1107847118060,0,
2411032588,9e90b36514dedfa1c736e25ef7f377eb,"ОБЩЕСТВО С ОГРАНИЧЕННОЙ ОТВЕТСТВЕННОСТЬЮ ""ИННОВАЦИОННЫЕ АЭРОЛОДКИ""",,,False,,,0,,,,,,"ОБЩЕСТВО С ОГРАНИЧЕННОЙ ОТВЕТСТВЕННОСТЬЮ ""ИННОВАЦИОННЫЕ АЭРОЛОДКИ""",1232400004297,0,
7703821839,36f10f332c9845d176e231ca538b7d9d,"ОБЩЕСТВО С ОГРАНИЧЕННОЙ ОТВЕТСТВЕННОСТЬЮ ""АЙРО""",,,False,,,0,,,,,,"ОБЩЕСТВО С ОГРАНИЧЕННОЙ ОТВЕТСТВЕННОСТЬЮ ""АЙРО""",5147746347634,0,
7731331201,616c398883f21e56f7cfa733575bb652,"ОБЩЕСТВО С ОГРАНИЧЕННОЙ ОТВЕТСТВЕННОСТЬЮ ""АИСТАГРО""",,,False,,,0,,,,,,"ОБЩЕСТВО С ОГРАНИЧЕННОЙ ОТВЕТСТВЕННОСТЬЮ ""АИСТАГРО""",5167746183150,0,
9731092370,07f6f93fd2b40773c294aa0410fcf5fa,"ОБЩЕСТВО С ОГРАНИЧЕННОЙ ОТВЕТСТВЕННОСТЬЮ ""АИСТ-АИ""",,,False,,,0,,,,,,"ОБЩЕСТВО С ОГРАНИЧЕННОЙ ОТВЕТСТВЕННОСТЬЮ ""АИСТ-АИ""",1227700261568,0,
5047137049,00b208de7c36b6c90277571f4eca9d18,"ОБЩЕСТВО С ОГРАНИЧЕННОЙ ОТВЕТСТВЕННОСТЬЮ ""АКРОНИКС""",,,False,,,0,,,,,,"ОБЩЕСТВО С ОГРАНИЧЕННОЙ ОТВЕТСТВЕННОСТЬЮ ""АКРОНИКС""",1125047017590,0,
4826155728,9eb183f8c24d9edb372237cf33491eca,"ОБЩЕСТВО С ОГРАНИЧЕННОЙ ОТВЕТСТВЕННОСТЬЮ НАУЧНО-ИЗДАТЕЛЬСКАЯ ПЛАТФОРМА ""АЛЕКСАНДРИНА""",,,False,,,0,,,,,,"ОБЩЕСТВО С ОГРАНИЧЕННОЙ ОТВЕТСТВЕННОСТЬЮ НАУЧНО-ИЗДАТЕЛЬСКАЯ ПЛАТФОРМА ""АЛЕКСАНДРИНА""",1224800010247,0,
9731065994,d0ce6adaf0f3d32b7c7b9c6baa90dcdc,"ОБЩЕСТВО С ОГРАНИЧЕННОЙ ОТВЕТСТВЕННОСТЬЮ ""АЛЬГОТЕК ГРИН ТЕХНОЛОДЖИ""",,,False,,,0,,,,,,"ОБЩЕСТВО С ОГРАНИЧЕННОЙ ОТВЕТСТВЕННОСТЬЮ ""АЛЬГОТЕК ГРИН ТЕХНОЛОДЖИ""",1207700212004,0,
7704380778,f8866e2477869bc7628bdf82eacef83b,"АКЦИОНЕРНОЕ ОБЩЕСТВО ""АЛЛЕРГОТОП""",,,False,,,0,,,,,,"АКЦИОНЕРНОЕ ОБЩЕСТВО ""АЛЛЕРГОТОП""",5167746358753,0,
